{
  "model": "microsoft/Phi-3.5-vision-instruct",
  "metrics": {
    "summary": {
      "total_samples": 10429,
      "accuracies": {
        "gender_presentation": 0.8624029149487007,
        "nationality": 0.14469268386230702,
        "skin_tone": 0.10096845335123214,
        "hair_type": 0.15715792501678014,
        "hair_color": 0.7810911880333685,
        "hairstyle": 0.30223415476076326,
        "eye_color": 0.06596989164828843,
        "facial_hair": 0.06683286988205964,
        "facial_marks": 0.00019177294083804776,
        "scene": 0.05877840636686164,
        "lighting": 0.07527087927893374,
        "weather": 0.047559689327835844,
        "action": 0.26330424777063954,
        "activity": 0.045929619330712435,
        "location_guess": 0.0027807076421516924,
        "apparent_ethnicity": 0.18669095790583948
      },
      "age_mae": 8.944577620097805
    },
    "parity": {
      "skin_group": {
        "dark": {
          "count": 1823,
          "age_mae": 7.590235874931432,
          "accuracies": {
            "gender_presentation": 0.8628634119583105,
            "nationality": 0.07679648930334614,
            "skin_tone": 0.007131102578167855,
            "hair_type": 0.35545803620405925,
            "hair_color": 0.7147558968732858,
            "hairstyle": 0.3987931980252331,
            "eye_color": 0.055403181568842566,
            "facial_hair": 0.03236423477783873,
            "facial_marks": 0.0,
            "scene": 0.07021393307734504,
            "lighting": 0.1113549094898519,
            "weather": 0.04552934722984092,
            "action": 0.2770159078442128,
            "activity": 0.055951727921009324,
            "location_guess": 0.0016456390565002743,
            "apparent_ethnicity": 0.20735052111903457
          },
          "subjective_bias": {
            "trustworthiness": 7.746023038946791,
            "socioeconomic_index": 3.206253428414701
          }
        },
        "light": {
          "count": 4924,
          "age_mae": 10.31965881397238,
          "accuracies": {
            "gender_presentation": 0.8393582453290008,
            "nationality": 0.12083671811535338,
            "skin_tone": 0.08813972380178717,
            "hair_type": 0.02619821283509342,
            "hair_color": 0.7652315190901706,
            "hairstyle": 0.16490658001624695,
            "eye_color": 0.022339561332250204,
            "facial_hair": 0.05686433793663688,
            "facial_marks": 0.0,
            "scene": 0.05280259951259139,
            "lighting": 0.039805036555645816,
            "weather": 0.04346060113728676,
            "action": 0.2276604386677498,
            "activity": 0.024979691307879772,
            "location_guess": 0.0034524776604386675,
            "apparent_ethnicity": 0.14317627944760358
          },
          "subjective_bias": {
            "trustworthiness": 6.86697806661251,
            "socioeconomic_index": 7.117587327376117
          }
        },
        "medium": {
          "count": 3682,
          "age_mae": 7.776208582292233,
          "accuracies": {
            "gender_presentation": 0.892992938620315,
            "nationality": 0.2102118413905486,
            "skin_tone": 0.1645844649646931,
            "hair_type": 0.23411189570885388,
            "hair_color": 0.8351439435089625,
            "hairstyle": 0.4380771319934818,
            "eye_color": 0.12954915806626832,
            "facial_hair": 0.09722976643128735,
            "facial_marks": 0.0005431830526887561,
            "scene": 0.06110809342748506,
            "lighting": 0.10483432916892993,
            "weather": 0.054046713742531234,
            "action": 0.3041825095057034,
            "activity": 0.06898424769147203,
            "location_guess": 0.0024443237370994023,
            "apparent_ethnicity": 0.23465507876154265
          },
          "subjective_bias": {
            "trustworthiness": 7.5391091797935905,
            "socioeconomic_index": 4.990765888104291
          }
        }
      },
      "region": {
        "Africa": {
          "count": 5069,
          "age_mae": 10.198461234957586,
          "accuracies": {
            "gender_presentation": 0.8370487275596765,
            "nationality": 0.09331229039258236,
            "skin_tone": 0.03807457092128625,
            "hair_type": 0.0337344643913987,
            "hair_color": 0.7468928782797396,
            "hairstyle": 0.1290195304793845,
            "eye_color": 0.004537384099427895,
            "facial_hair": 0.03077530084829355,
            "facial_marks": 0.0,
            "scene": 0.052278555928190966,
            "lighting": 0.03590451765634248,
            "weather": 0.04044190175577037,
            "action": 0.2170053264943776,
            "activity": 0.020319589662655357,
            "location_guess": 0.003156441112645492,
            "apparent_ethnicity": 0.13138686131386862
          },
          "subjective_bias": {
            "trustworthiness": 6.887157230222924,
            "socioeconomic_index": 6.465969619254291
          }
        },
        "Americas": {
          "count": 425,
          "age_mae": 9.258823529411766,
          "accuracies": {
            "gender_presentation": 0.8470588235294118,
            "nationality": 0.03764705882352941,
            "skin_tone": 0.11529411764705882,
            "hair_type": 0.23529411764705882,
            "hair_color": 0.6752941176470588,
            "hairstyle": 0.32,
            "eye_color": 0.042352941176470586,
            "facial_hair": 0.09411764705882353,
            "facial_marks": 0.0,
            "scene": 0.06823529411764706,
            "lighting": 0.15294117647058825,
            "weather": 0.03058823529411765,
            "action": 0.2611764705882353,
            "activity": 0.07294117647058823,
            "location_guess": 0.0,
            "apparent_ethnicity": 0.0
          },
          "subjective_bias": {
            "trustworthiness": 7.136470588235294,
            "socioeconomic_index": 3.56
          }
        },
        "Asia": {
          "count": 4118,
          "age_mae": 7.401894123360854,
          "accuracies": {
            "gender_presentation": 0.8955803788246721,
            "nationality": 0.23725109276347742,
            "skin_tone": 0.18552695483244294,
            "hair_type": 0.2676056338028169,
            "hair_color": 0.8686255463817387,
            "hairstyle": 0.498300145701797,
            "eye_color": 0.14448761534725596,
            "facial_hair": 0.11194754735308401,
            "facial_marks": 0.00048567265662943174,
            "scene": 0.06483729966002914,
            "lighting": 0.11024769305488101,
            "weather": 0.05828071879553181,
            "action": 0.31423020883924235,
            "activity": 0.07115104419621175,
            "location_guess": 0.0029140359397765905,
            "apparent_ethnicity": 0.282904322486644
          },
          "subjective_bias": {
            "trustworthiness": 7.695726080621661,
            "socioeconomic_index": 4.6301602719766874
          }
        },
        "Europe": {
          "count": 741,
          "age_mae": 8.96221322537112,
          "accuracies": {
            "gender_presentation": 0.863697705802969,
            "nationality": 0.04723346828609987,
            "skin_tone": 0.05668016194331984,
            "hair_type": 0.3468286099865047,
            "hair_color": 0.6099865047233468,
            "hairstyle": 0.3900134952766532,
            "eye_color": 0.058029689608636977,
            "facial_hair": 0.05128205128205128,
            "facial_marks": 0.0,
            "scene": 0.059379217273954114,
            "lighting": 0.10526315789473684,
            "weather": 0.04183535762483131,
            "action": 0.28609986504723345,
            "activity": 0.06882591093117409,
            "location_guess": 0.0,
            "apparent_ethnicity": 0.15654520917678813
          },
          "subjective_bias": {
            "trustworthiness": 7.342780026990553,